,apperences,freq
nbre_ingredient,151517.0,898.7306483184057
nbre_recipe,16859.0,100.0
pepper,9035.0,53.59155347292248
salt,7510.0,44.54593985408388
sugar,6220.0,36.89424046503351
oil,6157.0,36.520552820452
onion,5974.0,35.435079186191366
cheese,5189.0,30.77881250370722
butter,4793.0,28.42991873776618
flour,3685.0,21.85776143306246
egg,3637.0,21.573047037190815
powder,3421.0,20.29183225576843
sauce,3396.0,20.14354350791862
clove,3282.0,19.467346817723467
juice,3254.0,19.301263420131676
water,3122.0,18.518298831484667
milk,2775.0,16.46005101132926
cream,2316.0,13.737469600806689
tomato,2285.0,13.553591553472922
vinegar,1837.0,10.896257192004269
parsley,1454.0,8.624473574945133
leaf,1415.0,8.393143128299421
garlic,1357.0,8.049113233287857
cinnamon,1261.0,7.479684441544575
potato,1233.0,7.313601043952786
mustard,1131.0,6.708582952725547
bean,1059.0,6.281511358918084
soda,975.0,5.7832611661427125
broth,962.0,5.706151017260811
extract,956.0,5.670561717776855
carrot,940.0,5.5756569191529755
ginger,890.0,5.279079423453348
mayonnaise,887.0,5.261284773711371
wine,882.0,5.23162702414141
seed,873.0,5.178243074915477
mushroom,872.0,5.172311525001485
mix,860.0,5.101132926033572
vanilla,838.0,4.970638827925738
beef,816.0,4.8401447298179034
breast,810.0,4.804555430333948
honey,803.0,4.763034580935999
rice,785.0,4.6562666824841346
cumin,776.0,4.6028827332582
oregano,775.0,4.596951183344208
flake,754.0,4.472388635150367
basil,750.0,4.448662435494397
cilantro,726.0,4.306305237558575
paprika,710.0,4.211400438934694
bacon,666.0,3.9504122427190222
bread,632.0,3.748739545643276
celery,627.0,3.719081796073314
nutmeg,601.0,3.5648614983095084
chip,597.0,3.5411352986535376
strawberry,588.0,3.4877513494276053
thyme,585.0,3.469956699685628
breadcrumb,578.0,3.4284358502876797
seasoning,562.0,3.3335310516637997
olive,556.0,3.297941752179844
stock,528.0,3.131858354588054
of,523.0,3.102200605018091
yogurt,495.0,2.9361172074263
cornstarch,493.0,2.9242541075983155
chicken,470.0,2.787828459576487
soup,462.0,2.7403760602645466
paste,456.0,2.704786760780592
apple,449.0,2.663265911382644
shrimp,445.0,2.6395397117266737
chili,441.0,2.615813512070704
syrup,438.0,2.598018862328727
pasta,433.0,2.5683611127587636
banana,420.0,2.491250963876861
lemon,408.0,2.420072364908951
lettuce,401.0,2.378551515511003
pea,401.0,2.378551515511003
walnut,401.0,2.3785515155110026
cucumber,399.0,2.3666884156830177
almond,396.0,2.3488937659410403
margarine,384.0,2.27771516697313
fillet,382.0,2.2658520671451448
spinach,381.0,2.2599205172311523
raisin,381.0,2.259920517231152
steak,366.0,2.1709472685212647
nut,360.0,2.1353579690373086
coconut,355.0,2.105700219467347
zest,350.0,2.0760424698973843
sausage,349.0,2.070110919983392
corn,346.0,2.052316270241414
tortilla,336.0,1.9930007711014883
scallion,327.0,1.939616821875556
pecan,327.0,1.939616821875556
avocado,313.0,1.8565751230796605
oat,313.0,1.8565751230796603
white,310.0,1.8387804733376831
noodle,307.0,1.8209858235957055
coriander,303.0,1.7972596239397354
zucchini,298.0,1.7676018743697726
rosemary,294.0,1.7438756747138027
chive,293.0,1.73794412479981
shallot,291.0,1.7260810249718248
buttermilk,287.0,1.702354825315855
cube,286.0,1.6964232754018624
ham,277.0,1.6430393261759295
cabbage,277.0,1.6430393261759295
ketchup,274.0,1.6252446764339523
yolk,273.0,1.6193131265199598
dressing,268.0,1.5896553769499968
spray,265.0,1.5718607272080192
pineapple,263.0,1.5599976273800344
salsa,249.0,1.4769559285841385
orange,244.0,1.4472981790141761
yeast,239.0,1.4176404294442135
half,234.0,1.3879826798742512
dill,233.0,1.3820511299602587
lime,231.0,1.3701880301322733
rum,221.0,1.3108725309923481
chocolate,221.0,1.3108725309923481
allspice,218.0,1.2930778812503705
rib,209.0,1.239693932024438
shortening,209.0,1.2396939320244378
blueberry,206.0,1.2218992822824601
mint,205.0,1.215967732368468
turmeric,197.0,1.1685153330565277
rind,192.0,1.1388575834865653
crust,180.0,1.0676789845186547
cocoa,174.0,1.0320896850346997
gingerroot,172.0,1.0202265852067145
jalapeno,170.0,1.0083634853787293
topping,169.0,1.0024319354647366
chop,169.0,1.0024319354647366
broccoli,168.0,0.9965003855507445
half-and-half,167.0,0.9905688356367518
cornmeal,165.0,0.9787057358087666
whip,161.0,0.9549795361527966
crumb,159.0,0.9431164363248118
mango,159.0,0.9431164363248116
molass,152.0,0.9015955869268639
asparagu,151.0,0.8956640370128715
slice,151.0,0.8956640370128713
green,150.0,0.889732487098879
chile,150.0,0.8897324870988788
cranberry,144.0,0.8541431876149237
beer,143.0,0.8482116377009311
stick,143.0,0.848211637700931
wedge,142.0,0.8422800877869386
peanut,140.0,0.8304169879589535
pork,139.0,0.8244854380449611
peppercorn,139.0,0.824485438044961
caper,138.0,0.8185538881309685
roll,138.0,0.8185538881309684
cayenne,137.0,0.8126223382169762
ice,135.0,0.800759238388991
leek,135.0,0.800759238388991
shell,134.0,0.7948276884749983
coffee,134.0,0.7948276884749983
substitute,134.0,0.7948276884749982
liqueur,132.0,0.7829645886470135
cracker,131.0,0.777033038733021
squash,131.0,0.777033038733021
peach,131.0,0.7770330387330209
bun,131.0,0.7770330387330208
gelatin,129.0,0.7651699389050359
concentrate,129.0,0.7651699389050359
eggplant,129.0,0.7651699389050358
tarragon,126.0,0.7473752891630583
cherry,126.0,0.7473752891630581
macaroni,124.0,0.7355121893350731
turkey,122.0,0.7236490895070881
applesauce,119.0,0.7058544397651106
peel,119.0,0.7058544397651104
floret,115.0,0.6821282401091405
heart,115.0,0.6821282401091404
raspberry,115.0,0.6821282401091404
sage,112.0,0.6643335903671629
sherry,111.0,0.6584020404531704
chickpea,111.0,0.6584020404531704
cardamom,110.0,0.6524704905391779
rhubarb,109.0,0.6465389406251854
tenderloin,109.0,0.6465389406251854
fruit,107.0,0.6346758407972004
jam,107.0,0.6346758407972001
sprout,107.0,0.6346758407972
puree,104.0,0.6168811910552223
cereal,103.0,0.6109496411412303
sprig,103.0,0.6109496411412302
meat,97.0,0.575360341657275
thigh,95.0,0.5634972418292901
salmon,95.0,0.5634972418292901
marjoram,95.0,0.56349724182929
cauliflower,95.0,0.56349724182929
dough,95.0,0.5634972418292898
chunk,95.0,0.5634972418292898
weed,94.0,0.5575656919152974
vegetable,94.0,0.5575656919152974
piece,94.0,0.5575656919152973
tequila,93.0,0.551634142001305
lentil,92.0,0.5457025920873123
vodka,91.0,0.5397710421733197
spaghetti,90.0,0.5338394922593274
marshmallow,90.0,0.5338394922593273
brandy,89.0,0.5279079423453348
roast,89.0,0.5279079423453347
coloring,87.0,0.5160448425173498
horseradish,87.0,0.5160448425173497
preserve,87.0,0.5160448425173496
crabmeat,86.0,0.5101132926033572
tuna,85.0,0.5041817426893648
tofu,85.0,0.5041817426893647
filling,84.0,0.49825019277537225
pastry,84.0,0.4982501927753722
spice,83.0,0.49231864286137966
chestnut,82.0,0.4863870929473872
pear,81.0,0.48045554303339466
kernel,81.0,0.4804555430333946
herb,79.0,0.4685924432054096
grape,79.0,0.4685924432054096
radish,78.0,0.462660893291417
pumpkin,76.0,0.450797793463432
lamb,74.0,0.43893469363544696
pickle,73.0,0.43300314372145443
oatmeal,72.0,0.42707159380746196
granule,71.0,0.4211400438934694
scallop,70.0,0.41520849397947684
date,70.0,0.41520849397947684
cashew,69.0,0.40927694406548437
pudding,69.0,0.40927694406548437
masala,69.0,0.4092769440654843
berry,69.0,0.40927694406548426
couscou,68.0,0.4033453941514918
biscuit,67.0,0.39741384423749937
soymilk,62.0,0.36775609466753667
pod,61.0,0.36182454475354414
apricot,61.0,0.36182454475354414
pepperoni,57.0,0.338098345097574
cookie,57.0,0.338098345097574
beet,56.0,0.3321667951835815
skewer,55.0,0.326235245269589
cornflour,55.0,0.32623524526958897
tartar,55.0,0.32623524526958897
bag,54.0,0.32030369535559644
linguine,54.0,0.32030369535559644
relish,54.0,0.32030369535559644
spear,53.0,0.3143721454416039
granular,52.0,0.3084405955276114
pimiento,52.0,0.3084405955276113
bran,52.0,0.3084405955276113
smoke,51.0,0.30250904561361885
jelly,51.0,0.30250904561361885
prosciutto,51.0,0.30250904561361885
chuck,49.0,0.2906459457856338
sauerkraut,48.0,0.28471439587164127
arugula,47.0,0.2787828459576488
salami,47.0,0.27878284595764874
quinoa,47.0,0.27878284595764874
lemongras,47.0,0.27878284595764874
cake,46.0,0.27285129604365627
tahini,46.0,0.2728512960436562
papaya,46.0,0.2728512960436562
essence,46.0,0.2728512960436562
bouillon,45.0,0.26691974612966374
catsup,45.0,0.2669197461296637
wing,45.0,0.2669197461296637
baguette,44.0,0.2609881962156712
capsicum,44.0,0.2609881962156712
chutney,42.0,0.24912509638768615
bar,42.0,0.2491250963876861
marmalade,41.0,0.2431935464736936
blackberry,41.0,0.24319354647369357
fettuccine,40.0,0.2372619965597011
blend,40.0,0.23726199655970107
meal,40.0,0.23726199655970107
bit,40.0,0.23726199655970104
adobo,40.0,0.23726199655970104
clam,39.0,0.23133044664570857
saffron,39.0,0.2313304466457085
sirloin,38.0,0.225398896731716
parsnip,38.0,0.225398896731716
barley,38.0,0.225398896731716
drumstick,37.0,0.2194673468177235
crouton,37.0,0.2194673468177235
marnier,37.0,0.21946734681772348
sec,37.0,0.21946734681772348
cantaloupe,37.0,0.21946734681772348
pistachio,37.0,0.21946734681772348
grenadine,36.0,0.21353579690373098
germ,36.0,0.21353579690373092
loin,35.0,0.20760424698973845
nectar,35.0,0.20760424698973845
square,35.0,0.20760424698973845
fraiche,35.0,0.20760424698973842
cutlet,34.0,0.20167269707574592
thread,34.0,0.20167269707574592
watercres,34.0,0.20167269707574587
hazelnut,33.0,0.19574114716175336
jicama,33.0,0.19574114716175336
watermelon,33.0,0.19574114716175334
candy,32.0,0.18980959724776086
cider,32.0,0.18980959724776086
tea,32.0,0.18980959724776086
yoghurt,32.0,0.18980959724776084
mace,32.0,0.18980959724776084
ale,31.0,0.18387804733376834
kahlua,31.0,0.18387804733376834
tortellini,31.0,0.1838780473337683
prawn,30.0,0.1779464974197758
bourbon,30.0,0.1779464974197758
dog,30.0,0.1779464974197758
round,30.0,0.1779464974197758
flavoring,30.0,0.1779464974197758
wafer,29.0,0.17201494750578328
currant,29.0,0.17201494750578328
spread,29.0,0.17201494750578328
mirin,29.0,0.17201494750578325
gorgonzola,29.0,0.17201494750578325
choy,28.0,0.16608339759179075
cap,28.0,0.16608339759179075
hamburger,28.0,0.16608339759179075
turnip,27.0,0.16015184767779822
muffin,27.0,0.16015184767779822
kielbasa,27.0,0.16015184767779822
feta,27.0,0.16015184767779822
shoulder,27.0,0.16015184767779822
brown,26.0,0.1542202977638057
tomatillo,26.0,0.1542202977638057
bisquick,26.0,0.1542202977638057
sake,26.0,0.1542202977638057
frosting,26.0,0.1542202977638057
sultana,26.0,0.1542202977638057
flower,26.0,0.1542202977638057
whiskey,25.0,0.14828874784981316
tapioca,25.0,0.14828874784981316
okra,25.0,0.14828874784981316
ring,24.0,0.14235719793582063
ghee,24.0,0.14235719793582063
kiwi,24.0,0.14235719793582063
kale,24.0,0.14235719793582063
wrapper,24.0,0.14235719793582063
tidbit,24.0,0.14235719793582063
melon,23.0,0.1364256480218281
vinaigrette,23.0,0.1364256480218281
fig,22.0,0.13049409810783558
lemonade,22.0,0.13049409810783558
fish,21.0,0.12456254819384308
gravy,21.0,0.12456254819384308
anise,21.0,0.12456254819384308
artichoke,21.0,0.12456254819384308
top,21.0,0.12456254819384306
krispy,21.0,0.12456254819384306
gin,21.0,0.12456254819384306
lard,21.0,0.12456254819384306
savory,21.0,0.12456254819384305
stem,20.0,0.11863099827985055
grapefruit,20.0,0.11863099827985055
foil,20.0,0.11863099827985053
plantain,20.0,0.11863099827985053
pimento,20.0,0.11863099827985053
cob,20.0,0.11863099827985052
penne,20.0,0.11863099827985052
crisco,20.0,0.11863099827985052
prune,19.0,0.11269944836585802
pretzel,19.0,0.11269944836585802
leg,19.0,0.11269944836585802
sprinkle,19.0,0.11269944836585802
plum,19.0,0.11269944836585802
cognac,19.0,0.112699448365858
shoot,19.0,0.112699448365858
veal,19.0,0.112699448365858
pancetta,19.0,0.112699448365858
dessert,19.0,0.112699448365858
caramel,18.0,0.10676789845186549
pectin,18.0,0.10676789845186549
popcorn,18.0,0.10676789845186549
chex,18.0,0.10676789845186549
amaretto,18.0,0.10676789845186549
sherbet,18.0,0.10676789845186549
vermicelli,18.0,0.10676789845186548
brisket,18.0,0.10676789845186546
champagne,18.0,0.10676789845186546
tamari,18.0,0.10676789845186546
dripping,17.0,0.10083634853787296
gherkin,17.0,0.10083634853787296
lite,17.0,0.10083634853787296
vermouth,17.0,0.10083634853787296
starch,17.0,0.10083634853787296
oyster,17.0,0.10083634853787295
beverage,17.0,0.10083634853787293
pesto,16.0,0.09490479862388043
quarter,16.0,0.09490479862388043
meatball,16.0,0.09490479862388043
grit,16.0,0.09490479862388042
mussel,16.0,0.09490479862388042
guacamole,16.0,0.09490479862388042
ravioli,15.0,0.08897324870988792
wheat,15.0,0.0889732487098879
liver,15.0,0.0889732487098879
section,15.0,0.0889732487098879
fat,15.0,0.0889732487098879
ciabatta,15.0,0.0889732487098879
sparerib,15.0,0.0889732487098879
harissa,15.0,0.0889732487098879
tender,15.0,0.0889732487098879
bratwurst,15.0,0.0889732487098879
yam,15.0,0.0889732487098879
cola,15.0,0.0889732487098879
squid,15.0,0.08897324870988789
crab,14.0,0.08304169879589539
bulb,14.0,0.08304169879589537
anchovy,14.0,0.08304169879589537
nectarine,14.0,0.08304169879589537
chard,14.0,0.08304169879589537
dip,14.0,0.08304169879589537
gluten,14.0,0.08304169879589536
provence,14.0,0.08304169879589536
oelek,14.0,0.08304169879589536
curacao,13.0,0.07711014888190286
fennel,13.0,0.07711014888190285
miso,13.0,0.07711014888190285
sheet,13.0,0.07711014888190285
fresco,13.0,0.07711014888190285
curry,13.0,0.07711014888190285
cocktail,13.0,0.07711014888190285
root,13.0,0.07711014888190285
sprite,13.0,0.07711014888190285
gum,13.0,0.07711014888190285
leave,13.0,0.07711014888190285
bulgur,12.0,0.07117859896791032
creamer,12.0,0.07117859896791032
gruyere,12.0,0.07117859896791032
cup,12.0,0.07117859896791032
sweetener,12.0,0.07117859896791032
link,12.0,0.07117859896791032
ball,12.0,0.07117859896791032
hock,12.0,0.07117859896791032
rocket,12.0,0.07117859896791032
endive,12.0,0.07117859896791032
toast,12.0,0.07117859896791032
morsel,12.0,0.07117859896791032
polenta,12.0,0.07117859896791032
consomme,12.0,0.07117859896791032
hummu,12.0,0.07117859896791032
semolina,12.0,0.07117859896791032
craisin,12.0,0.07117859896791032
beetroot,11.0,0.06524704905391779
edamame,11.0,0.06524704905391779
tail,10.0,0.05931549913992527
gnocchi,10.0,0.05931549913992527
croissant,10.0,0.059315499139925267
rutabaga,10.0,0.059315499139925267
shank,10.0,0.059315499139925267
schnapp,10.0,0.059315499139925267
wrap,10.0,0.059315499139925267
creme,10.0,0.059315499139925267
port,10.0,0.059315499139925267
base,10.0,0.059315499139925267
radicchio,10.0,0.059315499139925267
shaving,10.0,0.059315499139925267
ouzo,10.0,0.059315499139925267
toothpick,10.0,0.059315499139925267
fusilli,10.0,0.05931549913992526
icing,10.0,0.05931549913992526
tip,10.0,0.05931549913992526
courgette,10.0,0.05931549913992526
marinade,10.0,0.05931549913992526
patty,9.0,0.053383949225932745
comfort,9.0,0.053383949225932745
fry,9.0,0.053383949225932745
palm,9.0,0.053383949225932745
mascarpone,9.0,0.053383949225932745
segment,9.0,0.053383949225932745
mexicorn,9.0,0.053383949225932745
nutella,9.0,0.053383949225932745
trout,9.0,0.053383949225932745
msg,9.0,0.053383949225932745
jell-o,9.0,0.05338394922593274
cacao,9.0,0.05338394922593274
glaze,9.0,0.05338394922593274
espresso,9.0,0.05338394922593274
chervil,9.0,0.05338394922593274
aubergine,9.0,0.05338394922593274
mince,9.0,0.05338394922593274
sumac,9.0,0.05338394922593274
brine,9.0,0.05338394922593274
curd,8.0,0.047452399311940216
tangerine,8.0,0.047452399311940216
niblet,8.0,0.047452399311940216
acid,8.0,0.047452399311940216
pie,8.0,0.047452399311940216
starter,8.0,0.047452399311940216
crystal,8.0,0.047452399311940216
strip,8.0,0.047452399311940216
sorbet,8.0,0.047452399311940216
curl,8.0,0.04745239931194021
protein,8.0,0.04745239931194021
bagel,8.0,0.04745239931194021
merlot,8.0,0.04745239931194021
mani,8.0,0.04745239931194021
kirsch,8.0,0.04745239931194021
butt,8.0,0.04745239931194021
free,8.0,0.04745239931194021
verde,8.0,0.04745239931194021
grease,8.0,0.04745239931194021
capellini,8.0,0.04745239931194021
lobster,8.0,0.04745239931194021
snapper,8.0,0.04745239931194021
mincemeat,8.0,0.04745239931194021
tot,7.0,0.04152084939794769
hominy,7.0,0.04152084939794769
pulp,7.0,0.04152084939794769
frankfurter,7.0,0.04152084939794769
seaweed,7.0,0.04152084939794769
strand,7.0,0.04152084939794769
whiz,7.0,0.04152084939794769
hen,7.0,0.04152084939794769
bologna,7.0,0.04152084939794769
liquid,7.0,0.04152084939794769
head,7.0,0.04152084939794769
bone,7.0,0.04152084939794769
cut,7.0,0.04152084939794769
oleo,7.0,0.04152084939794768
coleslaw,7.0,0.04152084939794768
liquor,7.0,0.04152084939794768
manicotti,7.0,0.04152084939794768
bas,7.0,0.04152084939794768
part,7.0,0.04152084939794768
cornbread,7.0,0.04152084939794768
halibut,7.0,0.04152084939794768
vegemite,7.0,0.04152084939794768
coca-cola,7.0,0.04152084939794768
salad,6.0,0.03558929948395516
venison,6.0,0.03558929948395516
pocket,6.0,0.03558929948395516
stuffing,6.0,0.03558929948395516
bark,6.0,0.03558929948395516
custard,6.0,0.03558929948395516
product,6.0,0.03558929948395516
paper,6.0,0.03558929948395516
kumara,6.0,0.03558929948395516
balm,6.0,0.03558929948395516
cod,6.0,0.03558929948395516
nori,6.0,0.03558929948395516
ladyfinger,6.0,0.03558929948395516
tempeh,6.0,0.03558929948395516
fryer,6.0,0.03558929948395516
crepe,6.0,0.03558929948395516
rotel,6.0,0.03558929948395516
shoyu,6.0,0.03558929948395516
haddock,6.0,0.03558929948395516
cachaca,6.0,0.03558929948395516
galangal,6.0,0.03558929948395516
dashi,6.0,0.03558929948395516
gallo,5.0,0.029657749569962633
flounder,5.0,0.029657749569962633
sucanat,5.0,0.029657749569962633
ditalini,5.0,0.029657749569962633
mixture,5.0,0.029657749569962633
mahi,5.0,0.029657749569962633
mortadella,5.0,0.029657749569962633
arrowroot,5.0,0.029657749569962633
pepita,5.0,0.029657749569962633
passata,5.0,0.029657749569962633
stout,5.0,0.029657749569962633
chick-pea,5.0,0.029657749569962633
chayote,5.0,0.029657749569962633
twinky,5.0,0.029657749569962633
poundcake,5.0,0.029657749569962633
amino,5.0,0.029657749569962633
garni,5.0,0.029657749569962633
piri-piri,5.0,0.029657749569962633
vert,5.0,0.029657749569962633
panir,5.0,0.029657749569962633
fontina,5.0,0.029657749569962633
chabli,5.0,0.029657749569962633
seafood,5.0,0.029657749569962633
dal,5.0,0.02965774956996263
honeydew,5.0,0.02965774956996263
fiddlehead,5.0,0.02965774956996263
nugget,5.0,0.02965774956996263
lingonberry,5.0,0.02965774956996263
tapenade,5.0,0.02965774956996263
stevia,5.0,0.02965774956996263
dorito,5.0,0.02965774956996263
pomegranate,5.0,0.02965774956996263
guava,5.0,0.02965774956996263
spearmint,5.0,0.02965774956996263
mozzarella,5.0,0.02965774956996263
skin,5.0,0.02965774956996263
saltine,5.0,0.02965774956996263
lavender,5.0,0.02965774956996263
twist,5.0,0.02965774956996263
food,5.0,0.02965774956996263
drummette,4.0,0.023726199655970105
pla,4.0,0.023726199655970105
frisee,4.0,0.023726199655970105
suet,4.0,0.023726199655970105
rabbit,4.0,0.023726199655970105
sorrel,4.0,0.023726199655970105
kiss,4.0,0.023726199655970105
burger,4.0,0.023726199655970105
pheasant,4.0,0.023726199655970105
fenugreek,4.0,0.023726199655970105
soybean,4.0,0.023726199655970105
alum,4.0,0.023726199655970105
waffle,4.0,0.023726199655970105
cone,4.0,0.023726199655970105
fudge,4.0,0.023726199655970105
pierogi,4.0,0.023726199655970105
caviar,4.0,0.023726199655970105
kohlrabi,4.0,0.023726199655970105
drink,4.0,0.023726199655970105
mesclun,4.0,0.023726199655970105
drambuie,4.0,0.023726199655970105
sole,4.0,0.023726199655970105
bocconcini,4.0,0.023726199655970105
tamale,4.0,0.023726199655970105
macadamia,4.0,0.023726199655970105
cannellini,4.0,0.023726199655970105
7-up,4.0,0.023726199655970105
sardine,4.0,0.023726199655970105
jar,3.0,0.01779464974197758
mackerel,3.0,0.01779464974197758
petal,3.0,0.01779464974197758
m&m',3.0,0.01779464974197758
bottom,3.0,0.01779464974197758
kumquat,3.0,0.01779464974197758
bud,3.0,0.01779464974197758
coating,3.0,0.01779464974197758
cordial,3.0,0.01779464974197758
rack,3.0,0.01779464974197758
violet,3.0,0.01779464974197758
crumble,3.0,0.01779464974197758
loaf,3.0,0.01779464974197758
rice-a-roni,3.0,0.01779464974197758
menthe,3.0,0.01779464974197758
gooseberry,3.0,0.01779464974197758
bitter,3.0,0.01779464974197758
nonpareil,3.0,0.01779464974197758
truffle,3.0,0.01779464974197758
blossom,3.0,0.01779464974197758
melt,3.0,0.01779464974197758
spaghettini,3.0,0.01779464974197758
sorghum,3.0,0.01779464974197758
baharat,3.0,0.01779464974197758
marzipan,3.0,0.01779464974197758
dumpling,3.0,0.01779464974197758
muesli,3.0,0.01779464974197758
spam,3.0,0.01779464974197758
herring,3.0,0.01779464974197758
amaretti,3.0,0.01779464974197758
bubble,3.0,0.01779464974197758
wasabi,3.0,0.01779464974197758
marsala,3.0,0.01779464974197758
tube,3.0,0.01779464974197758
liner,3.0,0.01779464974197758
pernod,3.0,0.01779464974197758
pierogy,3.0,0.01779464974197758
cassi,3.0,0.01779464974197758
frangelico,3.0,0.01779464974197758
giardiniera,3.0,0.01779464974197758
copha,3.0,0.01779464974197758
v8,3.0,0.01779464974197758
parmigiano,3.0,0.01779464974197758
orecchiette,3.0,0.01779464974197758
caraway,3.0,0.01779464974197758
rump,3.0,0.01779464974197758
blanco,3.0,0.01779464974197758
mutton,3.0,0.01779464974197758
groat,3.0,0.01779464974197758
coke,2.0,0.011863099827985052
galliano,2.0,0.011863099827985052
casing,2.0,0.011863099827985052
sumaq,2.0,0.011863099827985052
peri-peri,2.0,0.011863099827985052
eggnog,2.0,0.011863099827985052
conchiglie,2.0,0.011863099827985052
cassava,2.0,0.011863099827985052
neck,2.0,0.011863099827985052
tasso,2.0,0.011863099827985052
radiatore,2.0,0.011863099827985052
jerky,2.0,0.011863099827985052
veg-all,2.0,0.011863099827985052
nashi,2.0,0.011863099827985052
coffee-mate,2.0,0.011863099827985052
pancake,2.0,0.011863099827985052
medallion,2.0,0.011863099827985052
rod,2.0,0.011863099827985052
pastrami,2.0,0.011863099827985052
pepsi,2.0,0.011863099827985052
gizzard,2.0,0.011863099827985052
calamari,2.0,0.011863099827985052
kool-aid,2.0,0.011863099827985052
roux,2.0,0.011863099827985052
puff,2.0,0.011863099827985052
rotini,2.0,0.011863099827985052
schnitzel,2.0,0.011863099827985052
queso,2.0,0.011863099827985052
plank,2.0,0.011863099827985052
colby,2.0,0.011863099827985052
scallopini,2.0,0.011863099827985052
jello,2.0,0.011863099827985052
blackberrie,2.0,0.011863099827985052
boil,2.0,0.011863099827985052
celeriac,2.0,0.011863099827985052
milo,2.0,0.011863099827985052
taquito,2.0,0.011863099827985052
shake-n-bake,2.0,0.011863099827985052
escarole,2.0,0.011863099827985052
flesh,2.0,0.011863099827985052
togarashi,2.0,0.011863099827985052
gingerbread,2.0,0.011863099827985052
sesame,2.0,0.011863099827985052
limeade,2.0,0.011863099827985052
herbe,2.0,0.011863099827985052
treacle,2.0,0.011863099827985052
crawfish,2.0,0.011863099827985052
paradise,2.0,0.011863099827985052
frank,2.0,0.011863099827985052
aioli,2.0,0.011863099827985052
agave,2.0,0.011863099827985052
sandwich,2.0,0.011863099827985052
lychee,2.0,0.011863099827985052
leche,2.0,0.011863099827985052
tomatoe,2.0,0.011863099827985052
whisky,2.0,0.011863099827985052
souffle,2.0,0.011863099827985052
millet,2.0,0.011863099827985052
citron,2.0,0.011863099827985052
wash,2.0,0.011863099827985052
weetabix,2.0,0.011863099827985052
balsamico,2.0,0.011863099827985052
broccolini,2.0,0.011863099827985052
egg-white,2.0,0.011863099827985052
dipper,2.0,0.011863099827985052
challah,2.0,0.011863099827985052
crabapple,2.0,0.011863099827985052
marrow,2.0,0.011863099827985052
limoncello,2.0,0.011863099827985052
bouquet,2.0,0.011863099827985052
condiment,2.0,0.011863099827985052
low,2.0,0.011863099827985052
chorizo,2.0,0.011863099827985052
tobiko,2.0,0.011863099827985052
gumdrop,2.0,0.011863099827985052
myrtle,2.0,0.011863099827985052
granola,2.0,0.011863099827985052
nutmeat,2.0,0.011863099827985052
seitan,2.0,0.011863099827985052
eye,2.0,0.011863099827985052
rub,2.0,0.011863099827985052
cornichon,2.0,0.011863099827985052
oxtail,2.0,0.011863099827985052
harina,2.0,0.011863099827985052
salsify,2.0,0.011863099827985052
limon,2.0,0.011863099827985052
swordfish,2.0,0.011863099827985052
sago,2.0,0.011863099827985052
cheerio,2.0,0.011863099827985052
broiler,1.0,0.005931549913992526
liverwurst,1.0,0.005931549913992526
husk,1.0,0.005931549913992526
cheddar,1.0,0.005931549913992526
peapod,1.0,0.005931549913992526
spirulina,1.0,0.005931549913992526
oxo,1.0,0.005931549913992526
wax,1.0,0.005931549913992526
lovage,1.0,0.005931549913992526
saltpeter,1.0,0.005931549913992526
mole,1.0,0.005931549913992526
steak-um,1.0,0.005931549913992526
rockfish,1.0,0.005931549913992526
quark,1.0,0.005931549913992526
ram,1.0,0.005931549913992526
backstrap,1.0,0.005931549913992526
finger,1.0,0.005931549913992526
sauterne,1.0,0.005931549913992526
nopale,1.0,0.005931549913992526
cactu,1.0,0.005931549913992526
tendril,1.0,0.005931549913992526
persimmon,1.0,0.005931549913992526
salmon-gefilte,1.0,0.005931549913992526
light,1.0,0.005931549913992526
annatto,1.0,0.005931549913992526
breadfruit,1.0,0.005931549913992526
wattleseed,1.0,0.005931549913992526
scoop,1.0,0.005931549913992526
roll-up,1.0,0.005931549913992526
tabbouleh,1.0,0.005931549913992526
pollen,1.0,0.005931549913992526
hole,1.0,0.005931549913992526
mold,1.0,0.005931549913992526
breadstick,1.0,0.005931549913992526
trefoil,1.0,0.005931549913992526
silverside,1.0,0.005931549913992526
broil,1.0,0.005931549913992526
crush,1.0,0.005931549913992526
block,1.0,0.005931549913992526
ajwain,1.0,0.005931549913992526
eggshell,1.0,0.005931549913992526
kefir,1.0,0.005931549913992526
caster,1.0,0.005931549913992526
sev,1.0,0.005931549913992526
choko,1.0,0.005931549913992526
master,1.0,0.005931549913992526
43,1.0,0.005931549913992526
rigate,1.0,0.005931549913992526
choi,1.0,0.005931549913992526
parma,1.0,0.005931549913992526
brownie,1.0,0.005931549913992526
dukkah,1.0,0.005931549913992526
benedictine,1.0,0.005931549913992526
giblet,1.0,0.005931549913992526
puri,1.0,0.005931549913992526
needle,1.0,0.005931549913992526
charcoal,1.0,0.005931549913992526
catfish,1.0,0.005931549913992526
nam,1.0,0.005931549913992526
agar-agar,1.0,0.005931549913992526
alfalfa,1.0,0.005931549913992526
portion,1.0,0.005931549913992526
mignon,1.0,0.005931549913992526
mcbutter,1.0,0.005931549913992526
okara,1.0,0.005931549913992526
savoiardi,1.0,0.005931549913992526
orchid,1.0,0.005931549913992526
jowl,1.0,0.005931549913992526
flavor,1.0,0.005931549913992526
kelp,1.0,0.005931549913992526
chourico,1.0,0.005931549913992526
morel,1.0,0.005931549913992526
rapini,1.0,0.005931549913992526
monkfish,1.0,0.005931549913992526
kudzu,1.0,0.005931549913992526
testicle,1.0,0.005931549913992526
shortcake,1.0,0.005931549913992526
cooler,1.0,0.005931549913992526
cuttlefish,1.0,0.005931549913992526
rigatoni,1.0,0.005931549913992526
hake,1.0,0.005931549913992526
dud,1.0,0.005931549913992526
pista,1.0,0.005931549913992526
ramp,1.0,0.005931549913992526
besan,1.0,0.005931549913992526
licorice,1.0,0.005931549913992526
season-all,1.0,0.005931549913992526
burrito,1.0,0.005931549913992526
triscuit,1.0,0.005931549913992526
gras,1.0,0.005931549913992526
aril,1.0,0.005931549913992526
claw,1.0,0.005931549913992526
pitaya,1.0,0.005931549913992526
tzatziki,1.0,0.005931549913992526
kefalotyri,1.0,0.005931549913992526
lecithin,1.0,0.005931549913992526
blintze,1.0,0.005931549913992526
graviera,1.0,0.005931549913992526
sambuca,1.0,0.005931549913992526
borage,1.0,0.005931549913992526
woodruff,1.0,0.005931549913992526
dolcelatte,1.0,0.005931549913992526
carambola,1.0,0.005931549913992526
swede,1.0,0.005931549913992526
filbert,1.0,0.005931549913992526
arbol,1.0,0.005931549913992526
kefalotiri,1.0,0.005931549913992526
roe,1.0,0.005931549913992526
habanero,1.0,0.005931549913992526
tamarind,1.0,0.005931549913992526
aguardiente,1.0,0.005931549913992526
case,1.0,0.005931549913992526
alcohol,1.0,0.005931549913992526
octopu,1.0,0.005931549913992526
pisco,1.0,0.005931549913992526
gold,1.0,0.005931549913992526
shake-in-bake,1.0,0.005931549913992526
candlenut,1.0,0.005931549913992526
roni,1.0,0.005931549913992526
quail,1.0,0.005931549913992526
conch,1.0,0.005931549913992526
chiffonade,1.0,0.005931549913992526
matzo,1.0,0.005931549913992526
fern,1.0,0.005931549913992526
meringue,1.0,0.005931549913992526
herbsaint,1.0,0.005931549913992526
snail,1.0,0.005931549913992526
tenderizer,1.0,0.005931549913992526
boniato,1.0,0.005931549913992526
cane,1.0,0.005931549913992526
peppermint,1.0,0.005931549913992526
chilli,1.0,0.005931549913992526
karo,1.0,0.005931549913992526
baking,1.0,0.005931549913992526
roughy,1.0,0.005931549913992526
knockwurst,1.0,0.005931549913992526
elderberry,1.0,0.005931549913992526
teabag,1.0,0.005931549913992526
rabe,1.0,0.005931549913992526
snack,1.0,0.005931549913992526
fruitcake,1.0,0.005931549913992526
maca,1.0,0.005931549913992526
rom,1.0,0.005931549913992526
sure-jell,1.0,0.005931549913992526
goya,1.0,0.005931549913992526
marmite,1.0,0.005931549913992526
glitter,1.0,0.005931549913992526
panettone,1.0,0.005931549913992526
lopez,1.0,0.005931549913992526
pate,1.0,0.005931549913992526
advocaat,1.0,0.005931549913992526
plaice,1.0,0.005931549913992526
smelt,1.0,0.005931549913992526
heering,1.0,0.005931549913992526
grain,1.0,0.005931549913992526
quince,1.0,0.005931549913992526
amchur,1.0,0.005931549913992526
banane,1.0,0.005931549913992526
purslane,1.0,0.005931549913992526
ogo,1.0,0.005931549913992526
ahi,1.0,0.005931549913992526
kashkaval,1.0,0.005931549913992526
jagermeister,1.0,0.005931549913992526
tostada,1.0,0.005931549913992526
snap,1.0,0.005931549913992526
pizza,1.0,0.005931549913992526
rib-eye,1.0,0.005931549913992526
rose,1.0,0.005931549913992526
soy,1.0,0.005931549913992526
dragee,1.0,0.005931549913992526
blade,1.0,0.005931549913992526
jaggery,1.0,0.005931549913992526
lardon,1.0,0.005931549913992526
kidney,1.0,0.005931549913992526
orzo,1.0,0.005931549913992526
halve,1.0,0.005931549913992526
perch,1.0,0.005931549913992526
sweetcorn,1.0,0.005931549913992526
berbere,1.0,0.005931549913992526
achiote,1.0,0.005931549913992526
farfel,1.0,0.005931549913992526
crema,1.0,0.005931549913992526
anisette,1.0,0.005931549913992526
fowl,1.0,0.005931549913992526
kirschwasser,1.0,0.005931549913992526
sel,1.0,0.005931549913992526
string,1.0,0.005931549913992526
twin,1.0,0.005931549913992526
crostini,1.0,0.005931549913992526
sangria,1.0,0.005931549913992526
banger,1.0,0.005931549913992526
chapati,1.0,0.005931549913992526
